entity,entityLabel,type,type_label,id,id_value,auth_label
https://resource.fiafcore.org/641bc90b-860c-4a62-bcb0-1a581f387363,Der letzte Mann (1924-1924)(Originaltitel),https://ontology.fiafcore.org/WorkVariant,Work/Variant,https://rdflib.github.io/.well-known/genid/rdflib/Nbf3795baf23d45ca857dff8b72eb2efe,64428a89-44ce-482e-b6d5-56729e27e11e,Bundesarchiv
https://resource.fiafcore.org/d10dcba9-74d6-4818-accb-395d91a81832,Manifestation of Der letzte Mann (1924-1924)(Originaltitel),https://ontology.fiafcore.org/Manifestation,Manifestation,https://rdflib.github.io/.well-known/genid/rdflib/N20033392b66346e59ce62a235066d3d8,b2a5a07a-2e76-4b8c-9407-a8216cf9ef6f,Bundesarchiv
https://resource.fiafcore.org/248bc5a6-ae76-4d0f-a5ac-85d73c4a0fe8,Item of Der letzte Mann (1924-1924)(Originaltitel),https://ontology.fiafcore.org/Item,Item,https://rdflib.github.io/.well-known/genid/rdflib/Nf5fa0b40e5a04ff48c7d491ad70cafde,efc2472c-d5d2-4edf-931a-9cfe65a11f63,Bundesarchiv
https://resource.fiafcore.org/da9011ea-e69c-462e-8dd9-833e903df27f,Item of Der letzte Mann (1924-1924)(Originaltitel),https://ontology.fiafcore.org/Item,Item,https://rdflib.github.io/.well-known/genid/rdflib/Na0719d0b6166462f83cf9cf2087eba05,d9beb0e6-aaab-473b-a712-6531d5741b8a,Bundesarchiv
https://resource.fiafcore.org/57116bd8-37c8-49c6-a282-16a1d41337de,Item of Der letzte Mann (1924-1924)(Originaltitel),https://ontology.fiafcore.org/Item,Item,https://rdflib.github.io/.well-known/genid/rdflib/N4dd2f5e46b844413978a9718fa18274b,836e8159-0c11-453f-a74a-d1c89f1f0982,Bundesarchiv
https://resource.fiafcore.org/54052d3b-0f01-4571-8a67-f9d36ca4a846,Item of Der letzte Mann (1924-1924)(Originaltitel),https://ontology.fiafcore.org/Item,Item,https://rdflib.github.io/.well-known/genid/rdflib/Na7143242d068417b9d0e269e1be1683b,e51d0b93-dc5e-40f5-acf1-9d5ce4e09dec,Bundesarchiv
https://resource.fiafcore.org/6a758ea6-5e20-45fe-8cc5-d70692a3d0c9,Item of Der letzte Mann (1924-1924)(Originaltitel),https://ontology.fiafcore.org/Item,Item,https://rdflib.github.io/.well-known/genid/rdflib/N8939b99fe021422c8842bc2a83f68b76,e24d0f82-bd67-43cb-a3ef-75d009506169,Bundesarchiv
https://resource.fiafcore.org/675abc7b-c680-4ce5-9f9d-477527787caa,Item of Der letzte Mann (1924-1924)(Originaltitel),https://ontology.fiafcore.org/Item,Item,https://rdflib.github.io/.well-known/genid/rdflib/N87903c7c1c074789af48e3a93e53d40f,186ea05b-f6f4-4ccb-975f-2f5c65782371,Bundesarchiv
https://resource.fiafcore.org/6f5e73eb-9488-4f71-97ef-52e6fad778ab,Item of Der letzte Mann (1924-1924)(Originaltitel),https://ontology.fiafcore.org/Item,Item,https://rdflib.github.io/.well-known/genid/rdflib/Nbf5f21e0cbdb453ba20168624a731b70,f8ff7fec-5090-4c64-a404-c432eaead3f0,Bundesarchiv
https://resource.fiafcore.org/b98f83c8-55cc-4f98-871a-bd05fbb98dcb,Item of Der letzte Mann (1924-1924)(Originaltitel),https://ontology.fiafcore.org/Item,Item,https://rdflib.github.io/.well-known/genid/rdflib/Nfcaa9c006f034eacb7289bbb695de95a,5838dcca-f67b-457c-b3ea-624d323522e1,Bundesarchiv
https://resource.fiafcore.org/7164ae73-1736-434a-ad45-3c525a582783,Item of Der letzte Mann (1924-1924)(Originaltitel),https://ontology.fiafcore.org/Item,Item,https://rdflib.github.io/.well-known/genid/rdflib/N4af3a7e9239a4a6789eed40976609f0d,1bf50871-d936-4e35-92f9-054630d40018,Bundesarchiv
https://resource.fiafcore.org/3bb7cdc2-a6c2-4f8a-a982-e0f9927d1495,Item of Der letzte Mann (1924-1924)(Originaltitel),https://ontology.fiafcore.org/Item,Item,https://rdflib.github.io/.well-known/genid/rdflib/N014aefa6b64a48ec803c2042520801cb,657a5f1b-8738-472f-83bd-a929781f7cb4,Bundesarchiv
https://resource.fiafcore.org/c3c94f6f-2fd3-4aaf-8b36-e644c8e66cbb,Item of Der letzte Mann (1924-1924)(Originaltitel),https://ontology.fiafcore.org/Item,Item,https://rdflib.github.io/.well-known/genid/rdflib/N029f2526979846b9b0f7296f7c78b3d9,fa6f519b-8c13-4ea2-8725-35fd51762afa,Bundesarchiv
https://resource.fiafcore.org/b60f1aa0-f365-466d-8ddf-285e0f906a73,Item of Der letzte Mann (1924-1924)(Originaltitel),https://ontology.fiafcore.org/Item,Item,https://rdflib.github.io/.well-known/genid/rdflib/Na2ec723281a24929889cedb47882b03c,51d77fde-7f5b-4164-bd14-dcf34a895d2b,Bundesarchiv
https://resource.fiafcore.org/50fe6b04-2584-4b9c-a9a5-be697e54e167,Item of Der letzte Mann (1924-1924)(Originaltitel),https://ontology.fiafcore.org/Item,Item,https://rdflib.github.io/.well-known/genid/rdflib/Na9fef616f281497c8808f1eba8696fd9,c2eabb5b-84d8-4c2e-b6c7-545135e532a9,Bundesarchiv
https://resource.fiafcore.org/34db7ed2-bdbc-4ac9-a2e1-3348a7c632a4,Item of Der letzte Mann (1924-1924)(Originaltitel),https://ontology.fiafcore.org/Item,Item,https://rdflib.github.io/.well-known/genid/rdflib/N1dbff5b2c6de403697f1c63af6d7ffc0,bda849d5-2c4e-4d19-b6c9-a0eeb8023f3a,Bundesarchiv
https://resource.fiafcore.org/152fe032-965a-487a-bdc0-9c96935ade12,Item of Der letzte Mann (1924-1924)(Originaltitel),https://ontology.fiafcore.org/Item,Item,https://rdflib.github.io/.well-known/genid/rdflib/Nc3a06811150c41a1a4dff69440973c6d,cbd94034-50d6-4b10-95fc-33c3419ad309,Bundesarchiv
https://resource.fiafcore.org/64f4737c-1647-4b30-9bd2-62be9b08f20b,Item of Der letzte Mann (1924-1924)(Originaltitel),https://ontology.fiafcore.org/Item,Item,https://rdflib.github.io/.well-known/genid/rdflib/N89aff15ab5b746839444b543aaacec00,36dec3ba-2346-4671-a62e-c494e69356fd,Bundesarchiv
https://resource.fiafcore.org/6f989729-5156-485c-abc8-776377609cf6,Item of Der letzte Mann (1924-1924)(Originaltitel),https://ontology.fiafcore.org/Item,Item,https://rdflib.github.io/.well-known/genid/rdflib/N72f88667aa9d42318e0daf1418b9f638,a1d3a154-70a3-4a74-baab-bacbd0469c11,Bundesarchiv
https://resource.fiafcore.org/e84ebf71-49cb-4797-97cc-89ca6eaddb68,Item of Der letzte Mann (1924-1924)(Originaltitel),https://ontology.fiafcore.org/Item,Item,https://rdflib.github.io/.well-known/genid/rdflib/Nbc40f8a12c12402fb881037f6a1e7427,6c0fe603-5208-4104-96ed-8d8e087c4ee8,Bundesarchiv
https://resource.fiafcore.org/542b97e6-33c1-44a2-aa13-6757c0b65dc8,Item of Der letzte Mann (1924-1924)(Originaltitel),https://ontology.fiafcore.org/Item,Item,https://rdflib.github.io/.well-known/genid/rdflib/Nf6c3ab61e45f42518d6ac7d29628fa13,dbb70b34-c6fa-4967-b10e-882d9d577fe9,Bundesarchiv
https://resource.fiafcore.org/e057e250-72a5-4007-8aa5-a41d1393cfea,Item of Der letzte Mann (1924-1924)(Originaltitel),https://ontology.fiafcore.org/Item,Item,https://rdflib.github.io/.well-known/genid/rdflib/N21ebf06f15694019afab33f7edba3e65,4afe2452-8991-4152-931e-12eeaec51938,Bundesarchiv
https://resource.fiafcore.org/22c5d3b7-fe18-41b7-9042-d0ca2291bf2e,Item of Der letzte Mann (1924-1924)(Originaltitel),https://ontology.fiafcore.org/Item,Item,https://rdflib.github.io/.well-known/genid/rdflib/N1531aaee6ed94be89c51bb0fbd5d5acd,7e13227a-6d1b-4b97-b246-2ddd1f6f1ac4,Bundesarchiv
https://resource.fiafcore.org/8bf0c2c3-8ef3-4d3e-9d62-f4eaa4965c51,Item of Der letzte Mann (1924-1924)(Originaltitel),https://ontology.fiafcore.org/Item,Item,https://rdflib.github.io/.well-known/genid/rdflib/Nb12be67e0de84e9bacfa684d41885177,38369e8f-0a65-465f-a075-a27fbd868a9d,Bundesarchiv
https://resource.fiafcore.org/52505a4e-6dad-43b9-af1f-34c9b79443b0,Item of Der letzte Mann (1924-1924)(Originaltitel),https://ontology.fiafcore.org/Item,Item,https://rdflib.github.io/.well-known/genid/rdflib/Nc12d1d8924774677889cc51ae227f94d,52717bf0-2da6-423e-af97-3348f6cfb80b,Bundesarchiv
https://resource.fiafcore.org/1711dd8c-d638-4d64-8dad-667c20b4d62a,Item of Der letzte Mann (1924-1924)(Originaltitel),https://ontology.fiafcore.org/Item,Item,https://rdflib.github.io/.well-known/genid/rdflib/N4bffe95a3234414590623f77649e9a97,0763131d-3f7c-49b3-973c-b92858a7a796,Bundesarchiv
https://resource.fiafcore.org/6d515e17-fe54-49ca-9c7e-71bb323708ea,Item of Der letzte Mann (1924-1924)(Originaltitel),https://ontology.fiafcore.org/Item,Item,https://rdflib.github.io/.well-known/genid/rdflib/Nf3c3267987e444d6a24ade88f48b5cb9,daae5969-6196-489a-8f81-285ed53794a9,Bundesarchiv
https://resource.fiafcore.org/7b0d814e-56b4-4e01-9005-08ed862259c5,Item of Der letzte Mann (1924-1924)(Originaltitel),https://ontology.fiafcore.org/Item,Item,https://rdflib.github.io/.well-known/genid/rdflib/N242e522d6b3f43ca82c7463dd63fe372,ac67a47d-1fc4-4af5-a8e2-f82dc6413ade,Bundesarchiv
https://resource.fiafcore.org/3b2be5b7-7af4-4f9d-8372-5649c19d37c5,Carrier of Der letzte Mann (1924-1924)(Originaltitel),https://ontology.fiafcore.org/Carrier,Carrier,https://rdflib.github.io/.well-known/genid/rdflib/Necce24ebfc764fb4b092f7b37485bdb7,92ea0392-3776-47fc-a42c-6e49c9d38345,Bundesarchiv
https://resource.fiafcore.org/0ab33a6a-542d-4260-9723-9d193adc8ddc,Carrier of Der letzte Mann (1924-1924)(Originaltitel),https://ontology.fiafcore.org/Carrier,Carrier,https://rdflib.github.io/.well-known/genid/rdflib/N468648ebe22e481488ba8498fcf2409f,9ef703c2-28a2-4065-9503-1d7ede1e3a78,Bundesarchiv
https://resource.fiafcore.org/c30821b2-da78-4b07-a537-d36fba7eab0c,Carrier of Der letzte Mann (1924-1924)(Originaltitel),https://ontology.fiafcore.org/Carrier,Carrier,https://rdflib.github.io/.well-known/genid/rdflib/Nf7e77be0722249588230a25abfde2b8f,76c9b39b-79b2-47b9-a93c-c82800e6e08b,Bundesarchiv
https://resource.fiafcore.org/8da074a1-4a6f-4446-96d9-2b69eb0c7fc8,Carrier of Der letzte Mann (1924-1924)(Originaltitel),https://ontology.fiafcore.org/Carrier,Carrier,https://rdflib.github.io/.well-known/genid/rdflib/Ne107e523febb4163af614bfe401e335b,254923cd-a110-4276-8a1f-490596c0ca6b,Bundesarchiv
https://resource.fiafcore.org/c16418dc-b42d-4235-8595-d6fe03de8cf1,Carrier of Der letzte Mann (1924-1924)(Originaltitel),https://ontology.fiafcore.org/Carrier,Carrier,https://rdflib.github.io/.well-known/genid/rdflib/N7eceface3ef64702a0cd86314ac09577,c9d9e996-12c9-43eb-94d6-0598fb697115,Bundesarchiv
https://resource.fiafcore.org/ad3b8fd3-4361-4978-b781-e6a927875bad,Carrier of Der letzte Mann (1924-1924)(Originaltitel),https://ontology.fiafcore.org/Carrier,Carrier,https://rdflib.github.io/.well-known/genid/rdflib/Nbc14bf0db16843269958ee6c4999f86c,bce0c43d-bb35-4b99-b4b7-cbae09334510,Bundesarchiv
https://resource.fiafcore.org/97de3053-2430-433a-b552-281a6fc217a5,Carrier of Der letzte Mann (1924-1924)(Originaltitel),https://ontology.fiafcore.org/Carrier,Carrier,https://rdflib.github.io/.well-known/genid/rdflib/Nbcad8ca45b424512b1d3d22e151d2b37,fe486966-bbc0-4eef-bbfc-17cb1d013510,Bundesarchiv
https://resource.fiafcore.org/0f2f2789-a372-44bd-bcd8-436a6e2a0d3c,Carrier of Der letzte Mann (1924-1924)(Originaltitel),https://ontology.fiafcore.org/Carrier,Carrier,https://rdflib.github.io/.well-known/genid/rdflib/N35f70c1b8e954610bbb9135c0f8d48bc,384349ae-97d0-48e9-bee6-b12baa1b0b68,Bundesarchiv
https://resource.fiafcore.org/4e83d86e-eaa3-4446-ae5e-0df022072d5e,Carrier of Der letzte Mann (1924-1924)(Originaltitel),https://ontology.fiafcore.org/Carrier,Carrier,https://rdflib.github.io/.well-known/genid/rdflib/N9b52cab593774595b978718a6d005465,137899f0-0a01-4438-978b-d1fa5f452d38,Bundesarchiv
https://resource.fiafcore.org/8bb5bdeb-6f77-494b-9dad-328ac4343c7e,Carrier of Der letzte Mann (1924-1924)(Originaltitel),https://ontology.fiafcore.org/Carrier,Carrier,https://rdflib.github.io/.well-known/genid/rdflib/Nc23fadcc74234be89a8b5a741eab1314,d5890101-4759-45d8-82e4-c27796e16bc6,Bundesarchiv
https://resource.fiafcore.org/418c3abe-79c7-4e8a-bf64-274f4984cdcf,Carrier of Der letzte Mann (1924-1924)(Originaltitel),https://ontology.fiafcore.org/Carrier,Carrier,https://rdflib.github.io/.well-known/genid/rdflib/N50f7d6f030304bbea4224256b49a39c0,f8eef04c-ddaa-4b3d-a218-4a69487d674d,Bundesarchiv
https://resource.fiafcore.org/875899df-1805-4889-a08e-9f2be16128a1,Carrier of Der letzte Mann (1924-1924)(Originaltitel),https://ontology.fiafcore.org/Carrier,Carrier,https://rdflib.github.io/.well-known/genid/rdflib/N0b6da490b4af4eb8b2dcb13f7aeb15d9,7ad8a716-c455-4cc1-b309-c8c0abd8bbcd,Bundesarchiv
https://resource.fiafcore.org/4fbccb47-95e5-4ee8-a73b-614e7e4ad79d,Carrier of Der letzte Mann (1924-1924)(Originaltitel),https://ontology.fiafcore.org/Carrier,Carrier,https://rdflib.github.io/.well-known/genid/rdflib/N4445965aff4040a9a5dbd41f732e5eb7,6c7eca10-3491-4bd8-9298-5edfd1bfa81c,Bundesarchiv
https://resource.fiafcore.org/718d89ba-4080-4bef-a9e7-14d168ce9e06,Carrier of Der letzte Mann (1924-1924)(Originaltitel),https://ontology.fiafcore.org/Carrier,Carrier,https://rdflib.github.io/.well-known/genid/rdflib/N4a16976be3aa4182a8aa605efd1bc2d9,5e5d1e4b-844f-419b-9a26-ddafab77e44a,Bundesarchiv
https://resource.fiafcore.org/aee8ecd4-ac1f-4704-a6ac-364001e06d19,Carrier of Der letzte Mann (1924-1924)(Originaltitel),https://ontology.fiafcore.org/Carrier,Carrier,https://rdflib.github.io/.well-known/genid/rdflib/N6f2bf3a85f6e4bd68660822f114bb3e1,af7b4c0c-1b72-4ea0-a39f-aff76df0b03d,Bundesarchiv
https://resource.fiafcore.org/4e066c6a-2163-4992-a4bb-0b5cb1cab2ea,Carrier of Der letzte Mann (1924-1924)(Originaltitel),https://ontology.fiafcore.org/Carrier,Carrier,https://rdflib.github.io/.well-known/genid/rdflib/N08278136f9fe4aaaa0d1939042acd366,ff27b847-30fa-4592-beb1-d03d47d83350,Bundesarchiv
https://resource.fiafcore.org/f926094e-181b-4dea-a625-f2feb11b3806,Carrier of Der letzte Mann (1924-1924)(Originaltitel),https://ontology.fiafcore.org/Carrier,Carrier,https://rdflib.github.io/.well-known/genid/rdflib/N4ad4169d66f4461cb10bd3c0c4d12bad,24d10bdd-bf37-4b52-ae98-4c9841fb84de,Bundesarchiv
https://resource.fiafcore.org/f75caefa-d63a-4771-87d3-e4d74bb28677,Carrier of Der letzte Mann (1924-1924)(Originaltitel),https://ontology.fiafcore.org/Carrier,Carrier,https://rdflib.github.io/.well-known/genid/rdflib/Ne54855673e3b4675a8112007b4f068ed,ec4b8283-edf5-4218-aefa-a21616a70636,Bundesarchiv
https://resource.fiafcore.org/196d10ef-b305-46eb-b364-f859b6221ffe,Carrier of Der letzte Mann (1924-1924)(Originaltitel),https://ontology.fiafcore.org/Carrier,Carrier,https://rdflib.github.io/.well-known/genid/rdflib/N4523d79bb8ff46e0bdca6b80014cb37a,53b609f8-440c-4a7f-8b2c-3569162d4428,Bundesarchiv
https://resource.fiafcore.org/a1798c22-04a4-4109-92f8-65305cf4bfa3,Carrier of Der letzte Mann (1924-1924)(Originaltitel),https://ontology.fiafcore.org/Carrier,Carrier,https://rdflib.github.io/.well-known/genid/rdflib/Nb8bf0ed047c140cb9bbd6a4e89ebe132,c7ce6849-f86a-4f57-b670-006915384a52,Bundesarchiv
https://resource.fiafcore.org/340c7ae4-799e-4d1b-b864-aff3e5fcc191,Carrier of Der letzte Mann (1924-1924)(Originaltitel),https://ontology.fiafcore.org/Carrier,Carrier,https://rdflib.github.io/.well-known/genid/rdflib/N1dd2c3ab78204e6c89a027b7755d0978,6b8c5f83-c4e4-4215-ad66-d91f5cbe2717,Bundesarchiv
https://resource.fiafcore.org/708ebc18-657c-40ec-9a26-2f9e4b6813cc,Carrier of Der letzte Mann (1924-1924)(Originaltitel),https://ontology.fiafcore.org/Carrier,Carrier,https://rdflib.github.io/.well-known/genid/rdflib/N0d084618a0484bcf91b8903bf3d00870,d083ec40-3831-488d-a086-2c3fd1ab2e49,Bundesarchiv
https://resource.fiafcore.org/46e6f6c2-fbe9-44eb-a752-3e2a6d492417,Carrier of Der letzte Mann (1924-1924)(Originaltitel),https://ontology.fiafcore.org/Carrier,Carrier,https://rdflib.github.io/.well-known/genid/rdflib/N131abb17fb764d889acd54e85f0ff118,4ed31f2c-3d36-4477-b98e-ec841a5c685a,Bundesarchiv
https://resource.fiafcore.org/5c7b5e89-4aa9-4798-9251-538de9622fa4,Carrier of Der letzte Mann (1924-1924)(Originaltitel),https://ontology.fiafcore.org/Carrier,Carrier,https://rdflib.github.io/.well-known/genid/rdflib/N34989dba0c6e44ab85a04a780da054c4,d2ad1f71-0ffd-47bc-a3e6-ec75f7b91a67,Bundesarchiv
https://resource.fiafcore.org/7b7b0be7-2695-43c2-9b2f-02e38d1a3b99,Carrier of Der letzte Mann (1924-1924)(Originaltitel),https://ontology.fiafcore.org/Carrier,Carrier,https://rdflib.github.io/.well-known/genid/rdflib/N28ecf161c77f4118a56bea48021daad2,c06a17d5-0a93-4a11-84f1-3ffb019e5e90,Bundesarchiv
https://resource.fiafcore.org/1324b670-d906-49bc-86a6-39ebb7dde748,Carrier of Der letzte Mann (1924-1924)(Originaltitel),https://ontology.fiafcore.org/Carrier,Carrier,https://rdflib.github.io/.well-known/genid/rdflib/N4b2dbf6bb331437b88e5db3434a8dad5,6cafa633-e0dc-4fe8-ac4a-550fb3ba83d3,Bundesarchiv
https://resource.fiafcore.org/1300f3ef-7121-447c-89f7-28511431b971,Carrier of Der letzte Mann (1924-1924)(Originaltitel),https://ontology.fiafcore.org/Carrier,Carrier,https://rdflib.github.io/.well-known/genid/rdflib/N0e9b1214c7484048b3fe99f3ce84e84e,c73e152b-7552-4f57-a2f2-ba6c51b58972,Bundesarchiv
https://resource.fiafcore.org/24686f11-3c83-4887-aa08-98177b743377,Carrier of Der letzte Mann (1924-1924)(Originaltitel),https://ontology.fiafcore.org/Carrier,Carrier,https://rdflib.github.io/.well-known/genid/rdflib/Nd8dba542d73848ceb5deff4bc7667eed,6ab44367-56f2-490a-944e-db3ac05f464d,Bundesarchiv
https://resource.fiafcore.org/e6a58840-4f52-4edd-b264-428654ac09c4,Carrier of Der letzte Mann (1924-1924)(Originaltitel),https://ontology.fiafcore.org/Carrier,Carrier,https://rdflib.github.io/.well-known/genid/rdflib/Ne6c3c983bd2546f3ba997269a1203836,465aa52e-3023-4663-a67a-bae1574b7ad6,Bundesarchiv
https://resource.fiafcore.org/39854aaf-5e24-4eaf-960c-92e86271914f,Carrier of Der letzte Mann (1924-1924)(Originaltitel),https://ontology.fiafcore.org/Carrier,Carrier,https://rdflib.github.io/.well-known/genid/rdflib/Ndb70f1ad180c4e1b92356eb77fa736b3,330f53c0-2c17-4c05-a31a-b5731072605c,Bundesarchiv
https://resource.fiafcore.org/83d0ef1a-131d-4680-9d73-c6dbfa9d38cb,Carrier of Der letzte Mann (1924-1924)(Originaltitel),https://ontology.fiafcore.org/Carrier,Carrier,https://rdflib.github.io/.well-known/genid/rdflib/N8b700409650043d8910de2e0a465cf5d,e56bdc87-9ba7-4bce-b4a8-14d1833e5de2,Bundesarchiv
https://resource.fiafcore.org/16778fd3-c300-49d2-8f51-19d04809ceac,Carrier of Der letzte Mann (1924-1924)(Originaltitel),https://ontology.fiafcore.org/Carrier,Carrier,https://rdflib.github.io/.well-known/genid/rdflib/N2f674774499f4f9a8552b3e562f84d23,df21d528-28a3-4293-bbf5-73565e8ce481,Bundesarchiv
https://resource.fiafcore.org/7c1e3cb9-e195-4dc6-b881-339540a0c127,Carrier of Der letzte Mann (1924-1924)(Originaltitel),https://ontology.fiafcore.org/Carrier,Carrier,https://rdflib.github.io/.well-known/genid/rdflib/Na05c6130915640fe94131f4e9a5517de,788eb9b6-1c8c-45c0-aa63-1c43e14d0aa3,Bundesarchiv
https://resource.fiafcore.org/0de9c28a-df42-44ad-9283-b4aebe5f2898,Carrier of Der letzte Mann (1924-1924)(Originaltitel),https://ontology.fiafcore.org/Carrier,Carrier,https://rdflib.github.io/.well-known/genid/rdflib/N03e2039819104ceaa5035d232c9c7fc7,9ab732cd-8b7d-4d03-ae75-4c4d56824f89,Bundesarchiv
https://resource.fiafcore.org/d8a37373-3489-4e89-81e0-53e63f47b38f,Carrier of Der letzte Mann (1924-1924)(Originaltitel),https://ontology.fiafcore.org/Carrier,Carrier,https://rdflib.github.io/.well-known/genid/rdflib/N111c6feed1eb44b9b62459806ee211f7,596b6faa-3eea-4de8-8ff1-fb9ca9efed3e,Bundesarchiv
https://resource.fiafcore.org/8c03ecd6-1725-4f5b-8fb9-95798f41a5db,Carrier of Der letzte Mann (1924-1924)(Originaltitel),https://ontology.fiafcore.org/Carrier,Carrier,https://rdflib.github.io/.well-known/genid/rdflib/N6b973994b807468281d66f19ee430c6f,229d904c-1558-48ea-a5d8-53e92b295851,Bundesarchiv
https://resource.fiafcore.org/d9cce706-a1f5-4cc9-bf6f-960a4aa82730,Carrier of Der letzte Mann (1924-1924)(Originaltitel),https://ontology.fiafcore.org/Carrier,Carrier,https://rdflib.github.io/.well-known/genid/rdflib/N73d65d769e074c049c9b12bd33b5d429,2eb02d85-fd1d-497d-9df0-178b66374e93,Bundesarchiv
https://resource.fiafcore.org/d80a1439-56c1-41a0-aacf-af119875fca2,Carrier of Der letzte Mann (1924-1924)(Originaltitel),https://ontology.fiafcore.org/Carrier,Carrier,https://rdflib.github.io/.well-known/genid/rdflib/N5e213ff2a95e42b5b5dadcae6a69c911,e09c9a1b-4614-47c8-852a-8c6153703ed5,Bundesarchiv
https://resource.fiafcore.org/41f3000a-132e-4d06-8396-9d7b8a7100e3,Carrier of Der letzte Mann (1924-1924)(Originaltitel),https://ontology.fiafcore.org/Carrier,Carrier,https://rdflib.github.io/.well-known/genid/rdflib/N3fc6d99b5c7c43cba32bd894bd0474aa,8b198b7c-87df-46cd-8e7e-03b20432c733,Bundesarchiv
https://resource.fiafcore.org/40771be9-07f4-4ac3-8470-bdb4c11eea3f,Carrier of Der letzte Mann (1924-1924)(Originaltitel),https://ontology.fiafcore.org/Carrier,Carrier,https://rdflib.github.io/.well-known/genid/rdflib/N81fa3b5f3bc943ba98b9bfda1d12237b,472b1ae5-eee5-47b7-a257-cd9241354578,Bundesarchiv
https://resource.fiafcore.org/9e552779-e813-4ebc-8ffd-93e947847e20,Carrier of Der letzte Mann (1924-1924)(Originaltitel),https://ontology.fiafcore.org/Carrier,Carrier,https://rdflib.github.io/.well-known/genid/rdflib/N2478b48a3f174371aedec5f42f4e2a2b,484f7482-5632-4277-b3b9-b930d41c8eb4,Bundesarchiv
https://resource.fiafcore.org/b697039b-05b7-46cd-b0e2-709446f8f18e,Carrier of Der letzte Mann (1924-1924)(Originaltitel),https://ontology.fiafcore.org/Carrier,Carrier,https://rdflib.github.io/.well-known/genid/rdflib/N734c50c39133447f875fdc4db868767d,9937e2c9-8c8b-403c-89c6-04305a383ae1,Bundesarchiv
https://resource.fiafcore.org/85ea9ea6-71ea-465c-bf07-e16328e06871,Carrier of Der letzte Mann (1924-1924)(Originaltitel),https://ontology.fiafcore.org/Carrier,Carrier,https://rdflib.github.io/.well-known/genid/rdflib/Nc2e62003851341b38c5129327a46bc1d,a67324eb-f7b1-4e4c-a04d-492c03b12846,Bundesarchiv
https://resource.fiafcore.org/505295d7-e204-40d6-82d5-1e6b8a9ef973,Carrier of Der letzte Mann (1924-1924)(Originaltitel),https://ontology.fiafcore.org/Carrier,Carrier,https://rdflib.github.io/.well-known/genid/rdflib/N2c7e56a294a446efab1a06e9b3f97b7d,e4a89c7b-e1f1-4d44-8ddb-f08c57b89be6,Bundesarchiv
https://resource.fiafcore.org/35be22d8-7409-43fd-8ec6-f72f812e8ae7,Carrier of Der letzte Mann (1924-1924)(Originaltitel),https://ontology.fiafcore.org/Carrier,Carrier,https://rdflib.github.io/.well-known/genid/rdflib/Ne4fccddf0dab4b5a82358b6778896dfb,41bc328d-4d2a-47be-846d-6cf563717b59,Bundesarchiv
https://resource.fiafcore.org/2a517231-c088-48b9-87db-41d597a8ccd9,Carrier of Der letzte Mann (1924-1924)(Originaltitel),https://ontology.fiafcore.org/Carrier,Carrier,https://rdflib.github.io/.well-known/genid/rdflib/Ne073096a73364fa6ac969659661f4307,b6be0f08-6a8d-4214-b3c9-003e8056a072,Bundesarchiv
https://resource.fiafcore.org/5033c29e-fb9d-4fb0-9520-b82598314225,Carrier of Der letzte Mann (1924-1924)(Originaltitel),https://ontology.fiafcore.org/Carrier,Carrier,https://rdflib.github.io/.well-known/genid/rdflib/N17afb32d5bf84c2fa93b78fb67fffcc9,065aba21-167e-4511-8055-b9dbc90b36d3,Bundesarchiv
https://resource.fiafcore.org/eada9045-40ee-4ff7-bbbe-5bc0ccaaac39,Carrier of Der letzte Mann (1924-1924)(Originaltitel),https://ontology.fiafcore.org/Carrier,Carrier,https://rdflib.github.io/.well-known/genid/rdflib/Nc06b51dbac294432a255ec26620bacf9,1f7cce6d-6de9-40fd-bb7d-286a9c8afcd2,Bundesarchiv
https://resource.fiafcore.org/36df1b6f-5f6e-478a-a6d4-20d598a42834,Carrier of Der letzte Mann (1924-1924)(Originaltitel),https://ontology.fiafcore.org/Carrier,Carrier,https://rdflib.github.io/.well-known/genid/rdflib/N66339215363e423fbb675d2f43d46a01,dfc37fc7-f757-45d0-899b-0592bba848ef,Bundesarchiv
https://resource.fiafcore.org/24c7ca89-1fd6-415e-adf4-2b12641bed6f,Carrier of Der letzte Mann (1924-1924)(Originaltitel),https://ontology.fiafcore.org/Carrier,Carrier,https://rdflib.github.io/.well-known/genid/rdflib/N919ab8dc315d4fd297bce4c7df894f12,932fb999-ac31-419b-86a3-ada842444ed1,Bundesarchiv
https://resource.fiafcore.org/c79627a5-edf0-4d18-988b-987ad3420ec3,Carrier of Der letzte Mann (1924-1924)(Originaltitel),https://ontology.fiafcore.org/Carrier,Carrier,https://rdflib.github.io/.well-known/genid/rdflib/Nb7c1b6fb772044afbbf617ffe5b9430c,027454a4-cd97-47c7-b433-aa9ae994ad28,Bundesarchiv
https://resource.fiafcore.org/1316bf12-0cae-44b5-8649-23d350abbaa5,Carrier of Der letzte Mann (1924-1924)(Originaltitel),https://ontology.fiafcore.org/Carrier,Carrier,https://rdflib.github.io/.well-known/genid/rdflib/N44db289baab74e6bb7444a33e336508d,dfa5137c-a852-40d8-8be1-c613e5318ffd,Bundesarchiv
https://resource.fiafcore.org/cbe3d854-81eb-4f0a-915c-1e04f1749133,Carrier of Der letzte Mann (1924-1924)(Originaltitel),https://ontology.fiafcore.org/Carrier,Carrier,https://rdflib.github.io/.well-known/genid/rdflib/N6f7e1074e35a49a096c7ac629bcd6924,f7067260-496d-46f1-85d0-4218c80732d9,Bundesarchiv
https://resource.fiafcore.org/c8a5bb92-9810-4503-8fae-7908693b0f63,Carrier of Der letzte Mann (1924-1924)(Originaltitel),https://ontology.fiafcore.org/Carrier,Carrier,https://rdflib.github.io/.well-known/genid/rdflib/Ned48405e5617415d8e228a9c1cc49742,8cd74c99-0f67-49de-a5ce-18b59a385170,Bundesarchiv
https://resource.fiafcore.org/7849bff8-ad70-4c64-8e7a-71798d75e74a,Carrier of Der letzte Mann (1924-1924)(Originaltitel),https://ontology.fiafcore.org/Carrier,Carrier,https://rdflib.github.io/.well-known/genid/rdflib/N8ae5477579b848daa95d2922baed79e4,f1bff82e-15d3-4673-ba1c-339b3ec481d9,Bundesarchiv
https://resource.fiafcore.org/1f725817-d1c7-4d0a-a3a1-1e67bdfdb541,Carrier of Der letzte Mann (1924-1924)(Originaltitel),https://ontology.fiafcore.org/Carrier,Carrier,https://rdflib.github.io/.well-known/genid/rdflib/N84299d572ef34a1d9c5c19ca7395d533,8ba33365-251c-4a1c-a643-08d8e5766a36,Bundesarchiv
https://resource.fiafcore.org/28bd7475-01f3-4975-bfa4-d219af913f0e,Carrier of Der letzte Mann (1924-1924)(Originaltitel),https://ontology.fiafcore.org/Carrier,Carrier,https://rdflib.github.io/.well-known/genid/rdflib/N230614d35d584899a1ffeb90e32ea0ce,d7d597ad-cb2e-4554-956f-1652a23f4e19,Bundesarchiv
https://resource.fiafcore.org/4b04533a-f9f4-4e0b-ae51-983291ad285f,Carrier of Der letzte Mann (1924-1924)(Originaltitel),https://ontology.fiafcore.org/Carrier,Carrier,https://rdflib.github.io/.well-known/genid/rdflib/N2803cc90f2c64a3e94a427fb012523a5,da226c66-76cd-48da-adc5-01f7b217f732,Bundesarchiv
https://resource.fiafcore.org/53313456-aace-446b-9978-cb2e183973be,Carrier of Der letzte Mann (1924-1924)(Originaltitel),https://ontology.fiafcore.org/Carrier,Carrier,https://rdflib.github.io/.well-known/genid/rdflib/N534039a70df74c03ab3fc44d04dfadbd,db7afd01-9dad-4ab1-a8d3-556536c9c6a3,Bundesarchiv
https://resource.fiafcore.org/3234d787-741d-41f6-8705-e8f420fa6d4c,Carrier of Der letzte Mann (1924-1924)(Originaltitel),https://ontology.fiafcore.org/Carrier,Carrier,https://rdflib.github.io/.well-known/genid/rdflib/N0466775cc9ac4153852dd518619f5f64,4a21e0a8-63e9-4091-b18b-6a440d7d9556,Bundesarchiv
https://resource.fiafcore.org/113ebaad-1fc8-4e09-9f93-a3dfdbad10e2,Carrier of Der letzte Mann (1924-1924)(Originaltitel),https://ontology.fiafcore.org/Carrier,Carrier,https://rdflib.github.io/.well-known/genid/rdflib/N37e88cc60de549948fcafdbfb7c7bccb,1e796c18-6431-45c7-9b29-7756d015ac2e,Bundesarchiv
https://resource.fiafcore.org/bffaa761-3e57-4afb-a4e8-ff5d3ae44a30,Carrier of Der letzte Mann (1924-1924)(Originaltitel),https://ontology.fiafcore.org/Carrier,Carrier,https://rdflib.github.io/.well-known/genid/rdflib/N20ede10f0a274114bbf291eed21d17a8,0871409e-1180-405e-85e7-298cd40bce7a,Bundesarchiv
https://resource.fiafcore.org/87fd480d-beb8-48a1-80e6-3fc282129c72,Carrier of Der letzte Mann (1924-1924)(Originaltitel),https://ontology.fiafcore.org/Carrier,Carrier,https://rdflib.github.io/.well-known/genid/rdflib/Nab2e517a337b4e8daf00b8e211b83437,513884a9-665f-4b53-9318-c4428126f26a,Bundesarchiv
https://resource.fiafcore.org/caafa5e5-9c18-488b-a57b-0fc304d40104,Carrier of Der letzte Mann (1924-1924)(Originaltitel),https://ontology.fiafcore.org/Carrier,Carrier,https://rdflib.github.io/.well-known/genid/rdflib/Nf92f7bae050d4262994abb8ed1245c5d,ab0d03f8-61d2-4ea9-8670-080d77223f8d,Bundesarchiv
https://resource.fiafcore.org/a35702ca-315d-4392-a175-2d0b66582595,Carrier of Der letzte Mann (1924-1924)(Originaltitel),https://ontology.fiafcore.org/Carrier,Carrier,https://rdflib.github.io/.well-known/genid/rdflib/Na510f9bcdae64ba7a0fe517890999196,28102c84-d4a2-4713-9c8a-d2e06450c9f2,Bundesarchiv
https://resource.fiafcore.org/2a75c253-1eeb-417a-bea2-67758b0e5db5,Carrier of Der letzte Mann (1924-1924)(Originaltitel),https://ontology.fiafcore.org/Carrier,Carrier,https://rdflib.github.io/.well-known/genid/rdflib/N5254168be85f45eaa1892564ad71a922,27b4689c-0f25-41fb-a34e-4adf964e64e0,Bundesarchiv
https://resource.fiafcore.org/174e1184-531d-4eb6-b29b-10f66d5aadf1,Carrier of Der letzte Mann (1924-1924)(Originaltitel),https://ontology.fiafcore.org/Carrier,Carrier,https://rdflib.github.io/.well-known/genid/rdflib/N063f4371fb05436789a357e54a68746e,05834a36-b360-4df4-9782-4ae862b68a55,Bundesarchiv
https://resource.fiafcore.org/668f5771-b838-4412-a6be-e1291109db63,Carrier of Der letzte Mann (1924-1924)(Originaltitel),https://ontology.fiafcore.org/Carrier,Carrier,https://rdflib.github.io/.well-known/genid/rdflib/N5ce577d09b1546d3a1fa372c942f94aa,956de40c-eb34-4e19-8946-daf814486cc5,Bundesarchiv
https://resource.fiafcore.org/93360ae2-a8b6-4941-8184-18043858206e,Carrier of Der letzte Mann (1924-1924)(Originaltitel),https://ontology.fiafcore.org/Carrier,Carrier,https://rdflib.github.io/.well-known/genid/rdflib/N51f3cd0160a0468cbb345dcd18cc731c,73b88e54-d8e2-4b8a-8da5-f5cb02a047f1,Bundesarchiv
https://resource.fiafcore.org/b7770718-9bb3-435c-ab69-d41a21d815f9,Carrier of Der letzte Mann (1924-1924)(Originaltitel),https://ontology.fiafcore.org/Carrier,Carrier,https://rdflib.github.io/.well-known/genid/rdflib/Naa88e8f3bd6e46db92c49721ae621a28,52812053-472b-4c42-a3cd-9d7db5e83ded,Bundesarchiv
https://resource.fiafcore.org/19a4ee40-e7c2-4d38-ac90-016cc003970e,Carrier of Der letzte Mann (1924-1924)(Originaltitel),https://ontology.fiafcore.org/Carrier,Carrier,https://rdflib.github.io/.well-known/genid/rdflib/N40e49179ddf34edda53d98a723d93d85,161a59a8-6c7a-4e0d-b71d-fc2d8cc45a94,Bundesarchiv
https://resource.fiafcore.org/125b7efc-7f22-4bc3-9ab7-fa54f16994c1,Carrier of Der letzte Mann (1924-1924)(Originaltitel),https://ontology.fiafcore.org/Carrier,Carrier,https://rdflib.github.io/.well-known/genid/rdflib/N9140e740c4254fb5af9e8840088bc880,4fd3cb97-410a-4da1-a0b8-46d1c409ba8c,Bundesarchiv
https://resource.fiafcore.org/9a2f1e9d-13ce-4af5-b3f7-806d9c5c47d7,Carrier of Der letzte Mann (1924-1924)(Originaltitel),https://ontology.fiafcore.org/Carrier,Carrier,https://rdflib.github.io/.well-known/genid/rdflib/Na1f0a683b6ed4c3bb805f12c347d1a1b,7a1a83b1-58f5-455e-b46a-ff09556e18d2,Bundesarchiv
https://resource.fiafcore.org/79801bec-975d-40bb-8a97-5fab04c4e3a8,Carrier of Der letzte Mann (1924-1924)(Originaltitel),https://ontology.fiafcore.org/Carrier,Carrier,https://rdflib.github.io/.well-known/genid/rdflib/N27e23bea16c041cf81831e07ee4f231a,e14c79c8-e0c9-46f1-b092-48b6c3daebc9,Bundesarchiv
https://resource.fiafcore.org/4ae82069-8106-4038-99bd-9d7ee7cd01f8,Carrier of Der letzte Mann (1924-1924)(Originaltitel),https://ontology.fiafcore.org/Carrier,Carrier,https://rdflib.github.io/.well-known/genid/rdflib/N8979cf00fd9941c68229e8f8acc3a4ae,f9f0f6e6-4238-44fb-afb1-feb517f044b2,Bundesarchiv
https://resource.fiafcore.org/57dad5c8-aacf-4716-94e9-a8b5b8c9ad35,Carrier of Der letzte Mann (1924-1924)(Originaltitel),https://ontology.fiafcore.org/Carrier,Carrier,https://rdflib.github.io/.well-known/genid/rdflib/N1fcdc8467f0b48f09ceac2efa40c51a3,cf5aed81-365e-4f4a-a523-7034d59fba0e,Bundesarchiv
https://resource.fiafcore.org/752f72c4-a8ab-4371-a6fa-7ab2daa4fa7e,Carrier of Der letzte Mann (1924-1924)(Originaltitel),https://ontology.fiafcore.org/Carrier,Carrier,https://rdflib.github.io/.well-known/genid/rdflib/N986b53ff121442eb8adb1fac7255e161,8d58f31a-64e0-4368-9887-3438adba5d66,Bundesarchiv
https://resource.fiafcore.org/831f96b8-9239-4594-aae9-6e09aef26c19,Carrier of Der letzte Mann (1924-1924)(Originaltitel),https://ontology.fiafcore.org/Carrier,Carrier,https://rdflib.github.io/.well-known/genid/rdflib/N4d95a60cabb747c9837145427cb22b45,0d29a8cb-b4d6-476d-8114-c46e931bfb19,Bundesarchiv
https://resource.fiafcore.org/19f1dbad-a209-4947-a478-57879435e98a,Carrier of Der letzte Mann (1924-1924)(Originaltitel),https://ontology.fiafcore.org/Carrier,Carrier,https://rdflib.github.io/.well-known/genid/rdflib/N98fbf5a444d14a059077a92609d33b67,7def7c13-7195-4302-bdb8-6b92c8600da5,Bundesarchiv
https://resource.fiafcore.org/e325b50a-435c-4742-b746-7508f059c151,Carrier of Der letzte Mann (1924-1924)(Originaltitel),https://ontology.fiafcore.org/Carrier,Carrier,https://rdflib.github.io/.well-known/genid/rdflib/N8890f0c0c0a44ffe9df058e44b6b6819,1e303c4e-a046-48fb-aedd-f52c64a30f1e,Bundesarchiv
https://resource.fiafcore.org/e5de776f-d1da-47bf-b372-c7a920ce7c43,Carrier of Der letzte Mann (1924-1924)(Originaltitel),https://ontology.fiafcore.org/Carrier,Carrier,https://rdflib.github.io/.well-known/genid/rdflib/N98b63296a878447dbff5b721e2b9dae2,012ac5d2-0c6e-482c-828d-e814aeb09f22,Bundesarchiv
https://resource.fiafcore.org/c742a45b-a738-4969-ada0-f4c2513ccb92,Carrier of Der letzte Mann (1924-1924)(Originaltitel),https://ontology.fiafcore.org/Carrier,Carrier,https://rdflib.github.io/.well-known/genid/rdflib/N82cb8c16e5d2461593b0b0f1c92a7bf6,1c6dd8fd-0a2d-4d3a-a47e-d927331f6684,Bundesarchiv
https://resource.fiafcore.org/9789d96b-c3fb-42f3-b399-3643113e536e,Carrier of Der letzte Mann (1924-1924)(Originaltitel),https://ontology.fiafcore.org/Carrier,Carrier,https://rdflib.github.io/.well-known/genid/rdflib/N4e9e1c09a93449e7b78e572b3883da75,5171c7a5-5598-4efe-99df-4237c31444e3,Bundesarchiv
https://resource.fiafcore.org/e125e4ce-3605-4c31-9fa6-b2164eca60a0,Carrier of Der letzte Mann (1924-1924)(Originaltitel),https://ontology.fiafcore.org/Carrier,Carrier,https://rdflib.github.io/.well-known/genid/rdflib/Nd1648a85bc2f4bd69d907eb3256918c3,069ed8be-2bb5-4b05-b6f6-9be20194bea1,Bundesarchiv
https://resource.fiafcore.org/99882f69-d1ce-472f-a200-83c51385b772,Carrier of Der letzte Mann (1924-1924)(Originaltitel),https://ontology.fiafcore.org/Carrier,Carrier,https://rdflib.github.io/.well-known/genid/rdflib/N1681b340061a44b68faf7776a4779977,a599bec8-f332-4135-9a4b-8c922b1f7b45,Bundesarchiv
https://resource.fiafcore.org/a78260ee-a16e-4e1a-a18b-efa1111114aa,Carrier of Der letzte Mann (1924-1924)(Originaltitel),https://ontology.fiafcore.org/Carrier,Carrier,https://rdflib.github.io/.well-known/genid/rdflib/Nd5b0404a562444bdb50777bc8618d207,da983e3e-35b7-43de-b819-4c5cbd87ee15,Bundesarchiv
https://resource.fiafcore.org/07caa3e4-1b66-4b66-a5b6-6accde4d6497,Carrier of Der letzte Mann (1924-1924)(Originaltitel),https://ontology.fiafcore.org/Carrier,Carrier,https://rdflib.github.io/.well-known/genid/rdflib/Ndf40ba59aeb44d78b4834b7eb2d47741,58d098dd-b45e-47fb-a8d4-d679d19048dd,Bundesarchiv
https://resource.fiafcore.org/d314eaed-fea5-4adb-a39b-97840a18b704,Carrier of Der letzte Mann (1924-1924)(Originaltitel),https://ontology.fiafcore.org/Carrier,Carrier,https://rdflib.github.io/.well-known/genid/rdflib/N1946451ccd3048b6905953cd22b2fed4,1d57e925-dce3-4f2c-bcad-3da22e01c0b6,Bundesarchiv
https://resource.fiafcore.org/e4814ccd-f376-428e-b891-eb0f85e31578,Carrier of Der letzte Mann (1924-1924)(Originaltitel),https://ontology.fiafcore.org/Carrier,Carrier,https://rdflib.github.io/.well-known/genid/rdflib/N1e5a1d990d984ab180749fce89a1bc77,37fb3290-f3dc-4c0f-a7b6-b711f6806bb4,Bundesarchiv
https://resource.fiafcore.org/d07a4f3d-bdca-48a0-a165-9a77402bb65a,Carrier of Der letzte Mann (1924-1924)(Originaltitel),https://ontology.fiafcore.org/Carrier,Carrier,https://rdflib.github.io/.well-known/genid/rdflib/N52e7d70b4d9d4bc184fe45061051bc7e,e1f770d6-f058-4a09-a3c8-f457fdc65034,Bundesarchiv
https://resource.fiafcore.org/e270c6f2-7bd9-4164-830d-5df23331891c,Carrier of Der letzte Mann (1924-1924)(Originaltitel),https://ontology.fiafcore.org/Carrier,Carrier,https://rdflib.github.io/.well-known/genid/rdflib/Ne9ab070185a9406bb661af727ad3efd1,7cffe2e0-4fa7-4088-84cf-44a9b8ada6b9,Bundesarchiv
https://resource.fiafcore.org/2cb495dd-f5c9-4560-aad7-1256859e32d8,Carrier of Der letzte Mann (1924-1924)(Originaltitel),https://ontology.fiafcore.org/Carrier,Carrier,https://rdflib.github.io/.well-known/genid/rdflib/N0a65cf727c1d4206a5de979fd50c7cec,0479e1ea-8ac0-4c11-a6c2-389061bd90e5,Bundesarchiv
https://resource.fiafcore.org/076217ef-933b-4782-b5d0-f7fa500babb3,Carrier of Der letzte Mann (1924-1924)(Originaltitel),https://ontology.fiafcore.org/Carrier,Carrier,https://rdflib.github.io/.well-known/genid/rdflib/N0d898377ef7248dcbaefe08fe9b56479,142f2574-b5a4-40bf-9825-56b6a69e6770,Bundesarchiv
https://resource.fiafcore.org/ceeb6441-4626-4c1e-8a2a-f3c25d3f090f,Carrier of Der letzte Mann (1924-1924)(Originaltitel),https://ontology.fiafcore.org/Carrier,Carrier,https://rdflib.github.io/.well-known/genid/rdflib/N494c63caec424b01811627ff516a14aa,aaa3f03f-f5a3-454b-aa84-f125cf6831b0,Bundesarchiv
https://resource.fiafcore.org/19b10d4e-653a-4aba-afbd-0390654fa72c,Carrier of Der letzte Mann (1924-1924)(Originaltitel),https://ontology.fiafcore.org/Carrier,Carrier,https://rdflib.github.io/.well-known/genid/rdflib/N138e8737b4114aa79924d8b52165beba,e0a85453-7476-4794-9049-22bb66955942,Bundesarchiv
https://resource.fiafcore.org/7b3ffbf7-5ea1-40f2-9253-b85ed33781e6,Carrier of Der letzte Mann (1924-1924)(Originaltitel),https://ontology.fiafcore.org/Carrier,Carrier,https://rdflib.github.io/.well-known/genid/rdflib/N3dcb7ffed980424eaf3fc0504b9e2ffe,492dcada-b051-499d-b775-a6b2af7d6cff,Bundesarchiv
https://resource.fiafcore.org/060af5aa-3c0e-4f90-8162-1590767cc569,Carrier of Der letzte Mann (1924-1924)(Originaltitel),https://ontology.fiafcore.org/Carrier,Carrier,https://rdflib.github.io/.well-known/genid/rdflib/N73c1557899e14889b7d5acda3a65f52d,e60eb2e0-ae48-4b19-97e4-3b040500abc4,Bundesarchiv
https://resource.fiafcore.org/7a977ffa-8b53-425c-8693-118cbe0358d6,Carrier of Der letzte Mann (1924-1924)(Originaltitel),https://ontology.fiafcore.org/Carrier,Carrier,https://rdflib.github.io/.well-known/genid/rdflib/N241c1f3690524146b675e03f8f035a5d,2247b059-b522-4823-aa00-38e3c859d9e1,Bundesarchiv
https://resource.fiafcore.org/c794ff90-9c98-4d36-8d56-392827c67dca,Carrier of Der letzte Mann (1924-1924)(Originaltitel),https://ontology.fiafcore.org/Carrier,Carrier,https://rdflib.github.io/.well-known/genid/rdflib/N00c9139c76674eb99905c44c653422a6,ad27ad7f-0a37-4af3-b3c0-da23665dee97,Bundesarchiv
https://resource.fiafcore.org/923c5b9c-333b-4f4d-a812-ef820d359b31,Carrier of Der letzte Mann (1924-1924)(Originaltitel),https://ontology.fiafcore.org/Carrier,Carrier,https://rdflib.github.io/.well-known/genid/rdflib/Nc0b808c481d54ad7920f71e699102afd,bd38f884-1d58-4d17-a6df-9e9bcc6b85d3,Bundesarchiv
https://resource.fiafcore.org/d6e6d4be-64ec-4e44-84cd-257e0ac88840,Carrier of Der letzte Mann (1924-1924)(Originaltitel),https://ontology.fiafcore.org/Carrier,Carrier,https://rdflib.github.io/.well-known/genid/rdflib/N81af8c678ce84f45986c3550edcfda5d,92ff6640-bb7c-46aa-b1f6-d7c93b683f64,Bundesarchiv
https://resource.fiafcore.org/688503b8-c3e4-45c7-a4e2-499497af2c94,Carrier of Der letzte Mann (1924-1924)(Originaltitel),https://ontology.fiafcore.org/Carrier,Carrier,https://rdflib.github.io/.well-known/genid/rdflib/N9d1c6ed0b8cc462db50e45c8088a5c18,0b3cb890-881a-4111-a86f-61fbfc4674a3,Bundesarchiv
https://resource.fiafcore.org/5751ea41-f3ef-44f6-9079-8ca4a361be33,Carrier of Der letzte Mann (1924-1924)(Originaltitel),https://ontology.fiafcore.org/Carrier,Carrier,https://rdflib.github.io/.well-known/genid/rdflib/Nf29f18d860ba4cc4b3b95da5840dd363,8ff49c0f-3fed-4e88-858d-ff407979b779,Bundesarchiv
https://resource.fiafcore.org/4bd43b36-ce98-495a-87ad-b7b9ae9a2f9b,Carrier of Der letzte Mann (1924-1924)(Originaltitel),https://ontology.fiafcore.org/Carrier,Carrier,https://rdflib.github.io/.well-known/genid/rdflib/Nf209e69ccd74486eacb2c205af2172c9,8650cb15-ed27-4d23-b1b1-bc81833bcd62,Bundesarchiv
https://resource.fiafcore.org/1cc7c8d3-d34b-4e3b-b11d-7c1b98cc36d8,Carrier of Der letzte Mann (1924-1924)(Originaltitel),https://ontology.fiafcore.org/Carrier,Carrier,https://rdflib.github.io/.well-known/genid/rdflib/N72e1715baf174b00bc0a76d119ef26fd,e142684c-ccde-4998-b934-1faa4b2c4f12,Bundesarchiv
https://resource.fiafcore.org/e0216bbc-437a-42af-9c0a-46ce6a02039e,Carrier of Der letzte Mann (1924-1924)(Originaltitel),https://ontology.fiafcore.org/Carrier,Carrier,https://rdflib.github.io/.well-known/genid/rdflib/Na68f047d148a4a36bfb8788b039ccc3a,efb7d7ce-40f9-4ff3-b6f5-cc8b4d2fc266,Bundesarchiv
https://resource.fiafcore.org/8d5d7b83-6645-4c09-a5e7-9d974e99a0a0,Carrier of Der letzte Mann (1924-1924)(Originaltitel),https://ontology.fiafcore.org/Carrier,Carrier,https://rdflib.github.io/.well-known/genid/rdflib/N7963c905f5ff425fa3e5c94cc07e2c2f,492042cc-561b-4147-8525-994d64df1070,Bundesarchiv
https://resource.fiafcore.org/7960edb4-73af-4b22-b06d-31ca250975d7,Carrier of Der letzte Mann (1924-1924)(Originaltitel),https://ontology.fiafcore.org/Carrier,Carrier,https://rdflib.github.io/.well-known/genid/rdflib/N362f58159b1a40228a3e92ca67eda76f,90d1e0d2-4ddf-4509-b295-4959f6e8be54,Bundesarchiv
https://resource.fiafcore.org/888f4d12-8ff7-4a3f-abda-9325bfbf88ac,Carrier of Der letzte Mann (1924-1924)(Originaltitel),https://ontology.fiafcore.org/Carrier,Carrier,https://rdflib.github.io/.well-known/genid/rdflib/Ndf1e9ab8eb5140db801aed5d5ddce8b0,3a7afbc7-c27f-415c-8d84-26dcee744683,Bundesarchiv
https://resource.fiafcore.org/cd6a6f66-d1db-49af-ad6b-72a941e34e6f,Carrier of Der letzte Mann (1924-1924)(Originaltitel),https://ontology.fiafcore.org/Carrier,Carrier,https://rdflib.github.io/.well-known/genid/rdflib/Nb2f7f5a442b84feb986ee86d63df9c9a,7b73c26a-0c32-4219-80f7-0201afd466bc,Bundesarchiv
https://resource.fiafcore.org/60495086-1a4c-4f47-9174-78e7932488cf,Carrier of Der letzte Mann (1924-1924)(Originaltitel),https://ontology.fiafcore.org/Carrier,Carrier,https://rdflib.github.io/.well-known/genid/rdflib/N4de8421f626e4b6c90f7560662f950d0,7e4cf889-9df1-4d72-b728-19ff5f009258,Bundesarchiv
https://resource.fiafcore.org/de489c62-4212-4baa-922f-e69db26fa05a,Carrier of Der letzte Mann (1924-1924)(Originaltitel),https://ontology.fiafcore.org/Carrier,Carrier,https://rdflib.github.io/.well-known/genid/rdflib/N5beca547af194256a0fcdfe869dfe6d5,7468047f-44d6-4fad-8903-96ae972ecc70,Bundesarchiv
https://resource.fiafcore.org/e2fd0cb3-7aa9-4ebc-bd99-1c6ca3871a44,Carrier of Der letzte Mann (1924-1924)(Originaltitel),https://ontology.fiafcore.org/Carrier,Carrier,https://rdflib.github.io/.well-known/genid/rdflib/N0eae169b338d48419a797e7db3ebc325,3f108d6d-9b1e-4173-a799-6bbf5e0bffc6,Bundesarchiv
https://resource.fiafcore.org/84358ac5-ce83-496d-ad0f-ad70b7fc9c1c,Carrier of Der letzte Mann (1924-1924)(Originaltitel),https://ontology.fiafcore.org/Carrier,Carrier,https://rdflib.github.io/.well-known/genid/rdflib/N34aba8d9425b4c1eb6d9719374c13a6b,f95a86dc-4c3e-4dbf-ae0c-8a6b9a910673,Bundesarchiv
https://resource.fiafcore.org/c6b1d809-8dcb-406e-aad4-1778c5655eb3,Carrier of Der letzte Mann (1924-1924)(Originaltitel),https://ontology.fiafcore.org/Carrier,Carrier,https://rdflib.github.io/.well-known/genid/rdflib/N7316106039d248a8ab94419053fb7ed6,d1380d0a-0676-450f-8e06-edcefbe68e43,Bundesarchiv
https://resource.fiafcore.org/df3522de-5fb1-4c2e-8d0c-40e6b656934b,Carrier of Der letzte Mann (1924-1924)(Originaltitel),https://ontology.fiafcore.org/Carrier,Carrier,https://rdflib.github.io/.well-known/genid/rdflib/N2a401bb4e38a4b368bd270366951bdd6,f76853c5-4b47-466d-b6d0-9778bb5603e6,Bundesarchiv
https://resource.fiafcore.org/82f4c449-b29d-4a6e-8ddd-876fb5a52d4a,Carrier of Der letzte Mann (1924-1924)(Originaltitel),https://ontology.fiafcore.org/Carrier,Carrier,https://rdflib.github.io/.well-known/genid/rdflib/N1d24c695f8c240ebb06320f348dd1e1d,2168c6a0-7536-48a6-a305-9093c62bfe16,Bundesarchiv
https://resource.fiafcore.org/b9ddf3c9-099e-4a22-8eae-45b5c65043ac,Carrier of Der letzte Mann (1924-1924)(Originaltitel),https://ontology.fiafcore.org/Carrier,Carrier,https://rdflib.github.io/.well-known/genid/rdflib/Na1b85d4a00214934b799bf0537427d34,4f274b12-44c9-4962-bfca-2f22d113f504,Bundesarchiv
https://resource.fiafcore.org/565b6d28-9132-4cd4-a0d6-10e87e7a9117,Carrier of Der letzte Mann (1924-1924)(Originaltitel),https://ontology.fiafcore.org/Carrier,Carrier,https://rdflib.github.io/.well-known/genid/rdflib/Nf00b1eca6360423c96cc84720d8f4eed,a881cc5a-6437-4c99-9a85-5d7e20d9bc95,Bundesarchiv
https://resource.fiafcore.org/2a32da1f-ff00-4191-bdb9-e92d1cdcba28,Carrier of Der letzte Mann (1924-1924)(Originaltitel),https://ontology.fiafcore.org/Carrier,Carrier,https://rdflib.github.io/.well-known/genid/rdflib/N0c035e0c8c6848039829578c39ac8de2,034b140d-8fe3-4b85-b783-1c10d85cc6b7,Bundesarchiv
https://resource.fiafcore.org/7a307de1-9f9a-4074-b479-eaed3941fa27,Carrier of Der letzte Mann (1924-1924)(Originaltitel),https://ontology.fiafcore.org/Carrier,Carrier,https://rdflib.github.io/.well-known/genid/rdflib/N2261812e111f411887f7500198a7ceb3,5557e243-ee29-4291-9ad6-2965b1ad2763,Bundesarchiv
https://resource.fiafcore.org/529d3d5c-74c3-4bff-b493-d2746d7e252c,Carrier of Der letzte Mann (1924-1924)(Originaltitel),https://ontology.fiafcore.org/Carrier,Carrier,https://rdflib.github.io/.well-known/genid/rdflib/Na04a4e6c6ef24232a6d55e47cde35b5c,fe2cfe1d-4b8a-44f1-9d50-4884f648368b,Bundesarchiv
https://resource.fiafcore.org/7363d839-1b25-42a7-9680-63cd330e80d5,Carrier of Der letzte Mann (1924-1924)(Originaltitel),https://ontology.fiafcore.org/Carrier,Carrier,https://rdflib.github.io/.well-known/genid/rdflib/Nf9d1daa16d984a089f06da0711bebb71,1d36e7c7-6499-432d-ac55-23b99e16a481,Bundesarchiv
https://resource.fiafcore.org/3a7e7c78-e3a7-4f68-a301-ebf6a1eea3c0,Carrier of Der letzte Mann (1924-1924)(Originaltitel),https://ontology.fiafcore.org/Carrier,Carrier,https://rdflib.github.io/.well-known/genid/rdflib/N0edfe2d7f455453e833be57c35e582b6,e99edbb6-74a5-4dae-a3dd-58fba1a28c0e,Bundesarchiv
https://resource.fiafcore.org/7d9175ba-c3e4-4357-8b56-b97e15716f21,Carrier of Der letzte Mann (1924-1924)(Originaltitel),https://ontology.fiafcore.org/Carrier,Carrier,https://rdflib.github.io/.well-known/genid/rdflib/Na6af124abd6b416a986218eb3abc5230,0b3d08b4-e145-4416-89bb-01d35a8eb61f,Bundesarchiv
https://resource.fiafcore.org/59f894dd-c5e3-4392-bf8b-56e0280db9df,Carrier of Der letzte Mann (1924-1924)(Originaltitel),https://ontology.fiafcore.org/Carrier,Carrier,https://rdflib.github.io/.well-known/genid/rdflib/Nf6294b012e5947a29d58c5d5353a0a3f,a1d2f3db-576d-480b-ae58-cca0b9c23507,Bundesarchiv
https://resource.fiafcore.org/04b4f88a-9048-4387-88be-be4720d7536d,Carrier of Der letzte Mann (1924-1924)(Originaltitel),https://ontology.fiafcore.org/Carrier,Carrier,https://rdflib.github.io/.well-known/genid/rdflib/N516575ef0b704a988f833a6f6a771b14,63a4c12c-52ff-4642-8a3a-8d0c806a866e,Bundesarchiv
https://resource.fiafcore.org/2af58f6d-3304-4dc3-baf0-1d9faa33555e,Carrier of Der letzte Mann (1924-1924)(Originaltitel),https://ontology.fiafcore.org/Carrier,Carrier,https://rdflib.github.io/.well-known/genid/rdflib/N9c16f58a266c447590a03fcf724e922b,82fd50cb-929a-4169-8646-02b61931906e,Bundesarchiv
https://resource.fiafcore.org/491651dd-3739-42e5-a6b9-016d216e51f7,Carrier of Der letzte Mann (1924-1924)(Originaltitel),https://ontology.fiafcore.org/Carrier,Carrier,https://rdflib.github.io/.well-known/genid/rdflib/Ncf14a0d47d25400f89fd2eae82f4e103,d8eca3ec-2a3f-4e8d-ab9d-db650ababc90,Bundesarchiv
https://resource.fiafcore.org/876de245-66b9-45c7-87c8-0166baf2e268,Walter Röhrig,https://ontology.fiafcore.org/Agent,Agent,https://rdflib.github.io/.well-known/genid/rdflib/N985226cf886d47c4ac857677ffd708d1,a3272c5d-31a0-4365-8c20-fa54f664c135,Bundesarchiv
https://resource.fiafcore.org/96942633-9762-4b36-b71e-bbcfb4b352f4,Friedrich Wilhelm Murnau,https://ontology.fiafcore.org/Agent,Agent,https://rdflib.github.io/.well-known/genid/rdflib/N7a1890ea578e468da381ba4bb9d1e820,3ea6221f-562d-432e-91b2-dba7d6e80729,Bundesarchiv
https://resource.fiafcore.org/4522c6a7-4158-4496-8d60-1a276cc0f641,Emilie Kurz,https://ontology.fiafcore.org/Agent,Agent,https://rdflib.github.io/.well-known/genid/rdflib/N2270679bd946463c8bab52fce85d98d9,39bb667c-7b93-467f-a075-9a01b0aab65a,Bundesarchiv
https://resource.fiafcore.org/e064603c-b2e1-48a4-ab80-d2a5a7dfc11c,Werner Schmidt-Boelcke,https://ontology.fiafcore.org/Agent,Agent,https://rdflib.github.io/.well-known/genid/rdflib/Nf49ea635d22046a5911eeaefbb4a7d0b,b80c993a-f69f-41c5-a83b-352a8fc5ddd0,Bundesarchiv
https://resource.fiafcore.org/546e3976-b5ac-4a20-89c8-1c56632219ff,1924:Ufa-Leih;_1964_1995(16mm):_Dt_Inst_f_Filmkunde_e_V__Wiesbaden;_1964_1995_(35mm):_Transit-Film-GmbH__München; ,https://ontology.fiafcore.org/Agent,Agent,https://rdflib.github.io/.well-known/genid/rdflib/N29621c34fe864d1c9272d342c4f7f63c,a2fb090f-503e-4a98-8552-18cf6c994a80,Bundesarchiv
https://resource.fiafcore.org/1c2c12dd-ba59-4f82-b7e7-7546bef6d0fa, Neumann-Schüler,https://ontology.fiafcore.org/Agent,Agent,https://rdflib.github.io/.well-known/genid/rdflib/N3f1d514d7c2d4edebb886ca86fe07553,7d0c5955-595f-49b1-9a27-48159770af33,Bundesarchiv
https://resource.fiafcore.org/cf2148cd-ddec-4cfd-9faf-be8b917156b9,Robert Herlth,https://ontology.fiafcore.org/Agent,Agent,https://rdflib.github.io/.well-known/genid/rdflib/N2ec9a4f26a8d423798ad47d24bf153e0,41712971-6bb9-44ff-86fa-2535437ec09f,Bundesarchiv
https://resource.fiafcore.org/d2049dfb-678a-41c8-aaf9-1a009e21fa18,Emil Jannings,https://ontology.fiafcore.org/Agent,Agent,https://rdflib.github.io/.well-known/genid/rdflib/Nd8b98b8979ce4e949cefed1ca518955f,1b15112f-aa9c-42e8-9a5f-72371c9f3450,Bundesarchiv
https://resource.fiafcore.org/0fa2a983-01ff-4850-998b-3e11ca080dac,Maly Delschaft,https://ontology.fiafcore.org/Agent,Agent,https://rdflib.github.io/.well-known/genid/rdflib/Ndd40475f2fec44a2842ad8892824b33b,4d43a6c6-f090-4fe0-821f-ad24e7f56e69,Bundesarchiv
https://resource.fiafcore.org/54260b75-dad8-4434-81ab-6ab998c20181,Hans Unterkircher,https://ontology.fiafcore.org/Agent,Agent,https://rdflib.github.io/.well-known/genid/rdflib/Nb75a6a69a02c4b62ba626e5e063b269c,75d04dce-243d-4d9c-9cb2-9abf5f7f64d2,Bundesarchiv
https://resource.fiafcore.org/7b5c564e-1578-4510-acd2-46fb32c6df75,Olaf Storm,https://ontology.fiafcore.org/Agent,Agent,https://rdflib.github.io/.well-known/genid/rdflib/N6bb46fcf02424f71bee2137f16e49656,730bcffd-d85c-4a65-9c5c-bdbd896a1e9f,Bundesarchiv
https://resource.fiafcore.org/a6c67c2b-de87-4c86-8f3c-7852fa22e86b,Jürgen   Labenski,https://ontology.fiafcore.org/Agent,Agent,https://rdflib.github.io/.well-known/genid/rdflib/N53cc050a0e7542f9854ac7b266356dad,da50999b-9375-4015-80b2-7ccdaf400a17,Bundesarchiv
https://resource.fiafcore.org/998b2f10-f9af-4aea-9e92-82c4a7851374,Georg John,https://ontology.fiafcore.org/Agent,Agent,https://rdflib.github.io/.well-known/genid/rdflib/Na65592f0bcb1471e94f02d11c1578709,713e2e27-f7c5-4657-afcf-5f00265f4535,Bundesarchiv
https://resource.fiafcore.org/12fe4d0b-acd7-4c4d-916d-da8c5ff2622e,Karl Freund,https://ontology.fiafcore.org/Agent,Agent,https://rdflib.github.io/.well-known/genid/rdflib/N740670404496479094a1c3bd3ffbd689,76391cfc-392b-4257-9b4e-57cdc96eb641,Bundesarchiv
https://resource.fiafcore.org/5a3e1f38-18fa-4ac6-bac1-29fd7eccdd1a," Ufa, Berlin (Union-Film der Ufa)",https://ontology.fiafcore.org/Agent,Agent,https://rdflib.github.io/.well-known/genid/rdflib/Nc0ed135d72dd4a8d98d0739eef765956,fca5eb1e-b754-461b-8294-d4723a77ed47,Bundesarchiv
https://resource.fiafcore.org/4518e81a-b3fa-429c-903e-0b874412d886,Max Hiller,https://ontology.fiafcore.org/Agent,Agent,https://rdflib.github.io/.well-known/genid/rdflib/Nee0acd73305f4c83b15f5d9d7e00546b,b58ab31f-c45d-42d5-84ee-c07913ac2e18,Bundesarchiv
https://resource.fiafcore.org/5f4baa88-5ab7-46a5-ab1b-32ede6e50b39,Emmy Wyda,https://ontology.fiafcore.org/Agent,Agent,https://rdflib.github.io/.well-known/genid/rdflib/N2bc61a2303ae4a50befb559e09902d38,7e5de3d3-e2b4-4653-a25b-9d58456704de,Bundesarchiv
https://resource.fiafcore.org/86f5689a-6486-4f26-bdfc-f74b16e505aa,Robert Baberske,https://ontology.fiafcore.org/Agent,Agent,https://rdflib.github.io/.well-known/genid/rdflib/Nf7c33557f0c7450ca59a553899e0e8b2,40c128dc-12a6-4426-b3d8-e4cc7d706e9d,Bundesarchiv
https://resource.fiafcore.org/1f1694ac-37cb-430a-a37a-fc60183af57a," Luft, Gerd  (ZDF-Fassg. 1983)",https://ontology.fiafcore.org/Agent,Agent,https://rdflib.github.io/.well-known/genid/rdflib/N3a9c6071c7aa450095f09b8e4bfabd7f,74049552-0008-4176-91ae-13a094bfad7f,Bundesarchiv
https://resource.fiafcore.org/b5df252a-d332-4bef-bf34-7be3af0b1169,Erich Schönfelder,https://ontology.fiafcore.org/Agent,Agent,https://rdflib.github.io/.well-known/genid/rdflib/N6e0cda2cc7794fe48c713ce4b3aee7bd,76758176-0c1d-44c3-9b08-0df356d80349,Bundesarchiv
https://resource.fiafcore.org/3b8b96ae-bbc5-4df2-a3dc-f1fba51657b3,Carl Mayer,https://ontology.fiafcore.org/Agent,Agent,https://rdflib.github.io/.well-known/genid/rdflib/N7b1eefbf1705412e95d2bc12e886ce7b,7617a7ce-cf6f-4d19-a3cc-6c9cdff5e444,Bundesarchiv
https://resource.fiafcore.org/a23a7140-b870-4230-9df7-5e175c30f474,Sinfonieorchester Graunke (ZDF-Fassg. 1983) ,https://ontology.fiafcore.org/Agent,Agent,https://rdflib.github.io/.well-known/genid/rdflib/Nac302fa1e0384511885e62f9b4e34d1e,46196f9d-1f4c-4d5b-abb7-48332be94d20,Bundesarchiv
